Id,Predicted
1,2.813918610203836
2,2.782871772648264
3,4.169294268973228
